﻿<?xml version="1.0" encoding="utf-8" ?>
<CheckBusinessTables xmlns:xsi="http://www.w3.org/2001/XMLSchema-instance" xmlns:xsd="http://www.w3.org/2001/XMLSchema">
  <!--接入业务编码、业务名称-->
  <BusinessType BusinessCode="1000101" BusinessName="土地所有权首次登记">
    <!--表名、别名、是否必选-->
    <Table  TableName="ZTT_GY_QLR" TableAliasName="权利人" IsMust="true"/>
    <Table  TableName="KTT_ZDJBXX" TableAliasName="宗地基本信息" IsMust="true"/>
    <Table  TableName="ZD_K_103" TableAliasName="宗地空间属性" IsMust="true"/>
    <Table  TableName="QLF_QL_TDSYQ" TableAliasName="土地所有权" IsMust="true"/>
    <Table  TableName="DJT_DJ_SLSQ" TableAliasName="登记受理申请信息" IsMust="true"/>
    <Table  TableName="DJF_DJ_SQR" TableAliasName="申请人属性信息" IsMust="true"/>
    <Table  TableName="KTF_ZDBHQK" TableAliasName="宗地变化情况" IsMust="false"/>
    <Table  TableName="KTT_GY_JZX" TableAliasName="界址线" IsMust="false"/>
    <Table  TableName="KTT_GY_JZD" TableAliasName="界址点" IsMust="false"/>
    <Table  TableName="FJ_F_100" TableAliasName="非结构化文档" IsMust="false"/>
    <Table  TableName="DJF_DJ_SJ" TableAliasName="登记收件信息" IsMust="false"/>
    <Table  TableName="DJF_DJ_SF" TableAliasName="登记收费信息" IsMust="false"/>
    <Table  TableName="DJF_DJ_SH" TableAliasName="登记审核信息" IsMust="false"/>
    <Table  TableName="DJF_DJ_SZ" TableAliasName="登记缮证信息" IsMust="false"/>
    <Table  TableName="DJF_DJ_FZ" TableAliasName="登记发证信息" IsMust="false"/>
    <Table  TableName="DJF_DJ_GD" TableAliasName="登记归档信息" IsMust="false"/>
  </BusinessType>
  <BusinessType BusinessCode="1000301" BusinessName="建设用地使用权、宅基地使用权首次登记">
    <Table  TableName="ZTT_GY_QLR" TableAliasName="权利人" IsMust="true"/>
    <Table  TableName="KTT_ZDJBXX" TableAliasName="宗地基本信息" IsMust="true"/>
    <Table  TableName="ZD_K_103" TableAliasName="宗地空间属性" IsMust="true"/>
    <Table  TableName="QLF_QL_JSYDSYQ" TableAliasName="建设用地、宅基地使用权" IsMust="true"/>
    <Table  TableName="DJT_DJ_SLSQ" TableAliasName="登记受理申请信息" IsMust="true"/>
    <Table  TableName="DJF_DJ_SQR" TableAliasName="申请人属性信息" IsMust="true"/>
    <Table  TableName="KTF_ZDBHQK" TableAliasName="宗地变化情况" IsMust="false"/>
    <Table  TableName="KTT_GY_JZX" TableAliasName="界址线" IsMust="false"/>
    <Table  TableName="KTT_GY_JZD" TableAliasName="界址点" IsMust="false"/>
    <Table  TableName="FJ_F_100" TableAliasName="非结构化文档" IsMust="false"/>
    <Table  TableName="DJF_DJ_SJ" TableAliasName="登记收件信息" IsMust="false"/>
    <Table  TableName="DJF_DJ_SF" TableAliasName="登记收费信息" IsMust="false"/>
    <Table  TableName="DJF_DJ_SH" TableAliasName="登记审核信息" IsMust="false"/>
    <Table  TableName="DJF_DJ_SZ" TableAliasName="登记缮证信息" IsMust="false"/>
    <Table  TableName="DJF_DJ_FZ" TableAliasName="登记发证信息" IsMust="false"/>
    <Table  TableName="DJF_DJ_GD" TableAliasName="登记归档信息" IsMust="false"/>
  </BusinessType>
  <BusinessType BusinessCode="1000401" BusinessName="房地产权(项目内多幢房屋)首次登记">
    <Table  TableName="ZTT_GY_QLR" TableAliasName="权利人" IsMust="true"/>
    <Table  TableName="KTT_FW_ZRZ" TableAliasName="自然幢" IsMust="false"/>

    <Table  TableName="KTT_FW_C" TableAliasName="层" IsMust="false"/>
    <Table  TableName="KTT_FW_H" TableAliasName="户" IsMust="false"/>
    <Table  TableName="ZD_K_103" TableAliasName="宗地空间属性" IsMust="true"/>
    <Table  TableName="QLT_FW_FDCQ_DZ" TableAliasName="房地产权_项目内多幢房屋信息" IsMust="true"/>
    <Table  TableName="QLF_FW_FDCQ_DZ_XM" TableAliasName="房地产权(项目内多幢房屋)项目属性" IsMust="true"/>
    <Table  TableName="DJT_DJ_SLSQ" TableAliasName="登记受理申请信息" IsMust="true"/>
    <Table  TableName="DJF_DJ_SQR" TableAliasName="申请人属性信息" IsMust="true"/>
    <Table  TableName="FJ_F_100" TableAliasName="非结构化文档" IsMust="false"/>
    <Table  TableName="DJF_DJ_SJ" TableAliasName="登记收件信息" IsMust="false"/>
    <Table  TableName="DJF_DJ_SF" TableAliasName="登记收费信息" IsMust="false"/>
    <Table  TableName="DJF_DJ_SH" TableAliasName="登记审核信息" IsMust="false"/>
    <Table  TableName="DJF_DJ_SZ" TableAliasName="登记缮证信息" IsMust="false"/>
    <Table  TableName="DJF_DJ_FZ" TableAliasName="登记发证信息" IsMust="false"/>
    <Table  TableName="DJF_DJ_GD" TableAliasName="登记归档信息" IsMust="false"/>
    <Table  TableName="KTT_FW_LJZ" TableAliasName="逻辑幢" IsMust="false"/>
  </BusinessType>
  <BusinessType BusinessCode="1000402" BusinessName="房地产权(独幢、层、套、间、房屋)首次登记">
    <Table  TableName="ZTT_GY_QLR" TableAliasName="权利人" IsMust="true"/>
    <Table  TableName="KTT_FW_ZRZ" TableAliasName="自然幢" IsMust="false"/>
    <Table  TableName="KTT_FW_C" TableAliasName="层" IsMust="false"/>
    <Table  TableName="KTT_FW_H" TableAliasName="户" IsMust="true"/>
    <Table  TableName="ZD_K_103" TableAliasName="宗地空间属性" IsMust="true"/>
    <Table  TableName="QLT_FW_FDCQ_YZ" TableAliasName="房地产权_独幢、层、套、间房屋信息" IsMust="true"/>
    <Table  TableName="DJT_DJ_SLSQ" TableAliasName="登记受理申请信息" IsMust="true"/>
    <Table  TableName="DJF_DJ_SQR" TableAliasName="申请人属性信息" IsMust="true"/>
    <Table  TableName="FJ_F_100" TableAliasName="非结构化文档" IsMust="false"/>
    <Table  TableName="DJF_DJ_SJ" TableAliasName="登记收件信息" IsMust="false"/>
    <Table  TableName="DJF_DJ_SF" TableAliasName="登记收费信息" IsMust="false"/>
    <Table  TableName="DJF_DJ_SH" TableAliasName="登记审核信息" IsMust="false"/>
    <Table  TableName="DJF_DJ_SZ" TableAliasName="登记缮证信息" IsMust="false"/>
    <Table  TableName="DJF_DJ_FZ" TableAliasName="登记发证信息" IsMust="false"/>
    <Table  TableName="DJF_DJ_GD" TableAliasName="登记归档信息" IsMust="false"/>
    <Table  TableName="KTT_FW_LJZ" TableAliasName="逻辑幢" IsMust="false"/>
  </BusinessType >
  <BusinessType BusinessCode="1000403" BusinessName="建筑物区分所有权业主共有部分首次登记">
    <Table  TableName="ZTT_GY_QLR" TableAliasName="权利人" IsMust="true"/>
    <Table  TableName="KTT_GZW" TableAliasName="构筑物" IsMust="true"/>
    <Table  TableName="ZD_K_103" TableAliasName="宗地空间属性" IsMust="true"/>
    <Table  TableName="QLF_FW_FDCQ_QFSYQ" TableAliasName="建筑物区分所有权业主共有部分信息" IsMust="true"/>
    <Table  TableName="DJT_DJ_SLSQ" TableAliasName="登记受理申请信息" IsMust="true"/>
    <Table  TableName="DJF_DJ_SQR" TableAliasName="申请人属性信息" IsMust="true"/>
    <Table  TableName="FJ_F_100" TableAliasName="非结构化文档" IsMust="false"/>
    <Table  TableName="DJF_DJ_SJ" TableAliasName="登记收件信息" IsMust="false"/>
    <Table  TableName="DJF_DJ_SF" TableAliasName="登记收费信息" IsMust="false"/>
    <Table  TableName="DJF_DJ_SH" TableAliasName="登记审核信息" IsMust="false"/>
    <Table  TableName="DJF_DJ_SZ" TableAliasName="登记缮证信息" IsMust="false"/>
    <Table  TableName="DJF_DJ_FZ" TableAliasName="登记发证信息" IsMust="false"/>
    <Table  TableName="DJF_DJ_GD" TableAliasName="登记归档信息" IsMust="false"/>
  </BusinessType>
  <BusinessType BusinessCode="1000901" BusinessName="农用地使用权(非林地)首次登记">
    <Table  TableName="ZTT_GY_QLR" TableAliasName="权利人" IsMust="true"/>
    <Table  TableName="KTT_ZDJBXX" TableAliasName="宗地基本信息" IsMust="true"/>
    <Table  TableName="ZD_K_103" TableAliasName="宗地空间属性" IsMust="true"/>
    <Table  TableName="QLF_QL_NYDSYQ" TableAliasName="农用地使用权(非林地)" IsMust="true"/>
    <Table  TableName="DJT_DJ_SLSQ" TableAliasName="登记受理申请信息" IsMust="true"/>
    <Table  TableName="DJF_DJ_SQR" TableAliasName="申请人属性信息" IsMust="true"/>
    <Table  TableName="KTF_ZDBHQK" TableAliasName="宗地变化情况" IsMust="false"/>
    <Table  TableName="FJ_F_100" TableAliasName="非结构化文档" IsMust="false"/>
    <Table  TableName="DJF_DJ_SJ" TableAliasName="登记收件信息" IsMust="false"/>
    <Table  TableName="DJF_DJ_SF" TableAliasName="登记收费信息" IsMust="false"/>
    <Table  TableName="DJF_DJ_SH" TableAliasName="登记审核信息" IsMust="false"/>
    <Table  TableName="DJF_DJ_SZ" TableAliasName="登记缮证信息" IsMust="false"/>
    <Table  TableName="DJF_DJ_FZ" TableAliasName="登记发证信息" IsMust="false"/>
    <Table  TableName="DJF_DJ_GD" TableAliasName="登记归档信息" IsMust="false"/>

  </BusinessType>
  <BusinessType BusinessCode="1001201" BusinessName="林权首次登记">
    <Table  TableName="ZTT_GY_QLR" TableAliasName="权利人" IsMust="true"/>
    <Table  TableName="KTT_ZDJBXX" TableAliasName="宗地基本信息" IsMust="true"/>
    <Table  TableName="ZD_K_103" TableAliasName="宗地空间属性" IsMust="true"/>
    <Table  TableName="QLT_QL_LQ" TableAliasName="林权" IsMust="true"/>
    <Table  TableName="DJT_DJ_SLSQ" TableAliasName="登记受理申请信息" IsMust="true"/>
    <Table  TableName="DJF_DJ_SQR" TableAliasName="申请人属性信息" IsMust="true"/>
    <Table  TableName="KTF_ZDBHQK" TableAliasName="宗地变化情况" IsMust="false"/>
    <Table  TableName="FJ_F_100" TableAliasName="非结构化文档" IsMust="false"/>
    <Table  TableName="DJF_DJ_SJ" TableAliasName="登记收件信息" IsMust="false"/>
    <Table  TableName="DJF_DJ_SF" TableAliasName="登记收费信息" IsMust="false"/>
    <Table  TableName="DJF_DJ_SH" TableAliasName="登记审核信息" IsMust="false"/>
    <Table  TableName="DJF_DJ_SZ" TableAliasName="登记缮证信息" IsMust="false"/>
    <Table  TableName="DJF_DJ_FZ" TableAliasName="登记发证信息" IsMust="false"/>
    <Table  TableName="DJF_DJ_GD" TableAliasName="登记归档信息" IsMust="false"/>
  </BusinessType>
  <BusinessType BusinessCode="1001501" BusinessName="海域(含无居民海岛)使用权首次登记">
    <Table  TableName="ZTT_GY_QLR" TableAliasName="权利人" IsMust="true"/>
    <Table  TableName="KTT_ZHJBXX" TableAliasName="宗海基本信息" IsMust="true"/>
    <Table  TableName="KTF_ZH_YHZK" TableAliasName="用海状况" IsMust="true"/>
    <Table  TableName="KTF_ZH_YHYDZB" TableAliasName="用海、用岛坐标" IsMust="true"/>
    <Table  TableName="ZH_K_105" TableAliasName="宗海空间属性" IsMust="true"/>
    <Table  TableName="QLF_QL_HYSYQ" TableAliasName="海域(含无居民海岛)使用权" IsMust="true"/>
    <Table  TableName="DJT_DJ_SLSQ" TableAliasName="登记受理申请信息" IsMust="true"/>
    <Table  TableName="DJF_DJ_SQR" TableAliasName="申请人属性信息" IsMust="true"/>
    <Table  TableName="KTF_ZHBHQK" TableAliasName="宗海变化情况" IsMust="false"/>
    <Table  TableName="FJ_F_100" TableAliasName="非结构化文档" IsMust="false"/>
    <Table  TableName="DJF_DJ_SJ" TableAliasName="登记收件信息" IsMust="false"/>
    <Table  TableName="DJF_DJ_SF" TableAliasName="登记收费信息" IsMust="false"/>
    <Table  TableName="DJF_DJ_SH" TableAliasName="登记审核信息" IsMust="false"/>
    <Table  TableName="DJF_DJ_SZ" TableAliasName="登记缮证信息" IsMust="false"/>
    <Table  TableName="DJF_DJ_FZ" TableAliasName="登记发证信息" IsMust="false"/>
    <Table  TableName="DJF_DJ_GD" TableAliasName="登记归档信息" IsMust="false"/>
  </BusinessType>
  <BusinessType BusinessCode="1001601" BusinessName="构(建)筑物所有权首次登记">
    <Table  TableName="ZTT_GY_QLR" TableAliasName="权利人" IsMust="true"/>
    <Table  TableName="KTT_GZW" TableAliasName="构筑物" IsMust="true"/>
    <Table  TableName="ZD_K_103" TableAliasName="宗地空间属性" IsMust="true"/>
    <Table  TableName="QLT_QL_GJZWSYQ" TableAliasName="构(建)筑物所有权" IsMust="true"/>
    <Table  TableName="DJT_DJ_SLSQ" TableAliasName="登记受理申请信息" IsMust="true"/>
    <Table  TableName="DJF_DJ_SQR" TableAliasName="申请人属性信息" IsMust="true"/>
    <Table  TableName="FJ_F_100" TableAliasName="非结构化文档" IsMust="false"/>
    <Table  TableName="DJF_DJ_SJ" TableAliasName="登记收件信息" IsMust="false"/>
    <Table  TableName="DJF_DJ_SF" TableAliasName="登记收费信息" IsMust="false"/>
    <Table  TableName="DJF_DJ_SH" TableAliasName="登记审核信息" IsMust="false"/>
    <Table  TableName="DJF_DJ_SZ" TableAliasName="登记缮证信息" IsMust="false"/>
    <Table  TableName="DJF_DJ_FZ" TableAliasName="登记发证信息" IsMust="false"/>
    <Table  TableName="DJF_DJ_GD" TableAliasName="登记归档信息" IsMust="false"/>
  </BusinessType>
  <BusinessType BusinessCode="2000101" BusinessName="土地所有权转移登记">
    <Table  TableName="ZTT_GY_QLR" TableAliasName="权利人" IsMust="true"/>
    <Table  TableName="KTT_ZDJBXX" TableAliasName="宗地基本信息" IsMust="true"/>
    <Table  TableName="QLF_QL_TDSYQ" TableAliasName="土地所有权" IsMust="true"/>
    <Table  TableName="DJT_DJ_SLSQ" TableAliasName="登记受理申请信息" IsMust="true"/>
    <Table  TableName="DJF_DJ_SQR" TableAliasName="申请人属性信息" IsMust="true"/>
    <Table  TableName="FJ_F_100" TableAliasName="非结构化文档" IsMust="false"/>
    <Table  TableName="DJF_DJ_SJ" TableAliasName="登记收件信息" IsMust="false"/>
    <Table  TableName="DJF_DJ_SF" TableAliasName="登记收费信息" IsMust="false"/>
    <Table  TableName="DJF_DJ_SH" TableAliasName="登记审核信息" IsMust="false"/>
    <Table  TableName="DJF_DJ_SZ" TableAliasName="登记缮证信息" IsMust="false"/>
    <Table  TableName="DJF_DJ_FZ" TableAliasName="登记发证信息" IsMust="false"/>
    <Table  TableName="DJF_DJ_GD" TableAliasName="登记归档信息" IsMust="false"/>

  </BusinessType>
  <BusinessType BusinessCode="2000301" BusinessName="建设用地使用权、宅基地使用权转移登记">
    <Table  TableName="ZTT_GY_QLR" TableAliasName="权利人" IsMust="true"/>
    <Table  TableName="KTT_ZDJBXX" TableAliasName="宗地基本信息" IsMust="true"/>
    <Table  TableName="QLF_QL_JSYDSYQ" TableAliasName="建设用地、宅基地使用权" IsMust="true"/>
    <Table  TableName="DJT_DJ_SLSQ" TableAliasName="登记受理申请信息" IsMust="true"/>
    <Table  TableName="DJF_DJ_SQR" TableAliasName="申请人属性信息" IsMust="true"/>
    <Table  TableName="KTF_ZDBHQK" TableAliasName="宗地变化情况" IsMust="false"/>
    <Table  TableName="FJ_F_100" TableAliasName="非结构化文档" IsMust="false"/>
    <Table  TableName="DJF_DJ_SJ" TableAliasName="登记收件信息" IsMust="false"/>
    <Table  TableName="DJF_DJ_SF" TableAliasName="登记收费信息" IsMust="false"/>
    <Table  TableName="DJF_DJ_SH" TableAliasName="登记审核信息" IsMust="false"/>
    <Table  TableName="DJF_DJ_SZ" TableAliasName="登记缮证信息" IsMust="false"/>
    <Table  TableName="DJF_DJ_FZ" TableAliasName="登记发证信息" IsMust="false"/>
    <Table  TableName="DJF_DJ_GD" TableAliasName="登记归档信息" IsMust="false"/>

  </BusinessType>
  <BusinessType BusinessCode="2000401" BusinessName="房地产权(项目内多幢房屋)转移登记">
    <Table  TableName="ZTT_GY_QLR" TableAliasName="权利人" IsMust="true"/>
    <Table  TableName="KTT_FW_ZRZ" TableAliasName="自然幢" IsMust="false"/>

    <Table  TableName="KTT_FW_C" TableAliasName="层" IsMust="false"/>
    <Table  TableName="KTT_FW_H" TableAliasName="户" IsMust="false"/>
    <Table  TableName="QLT_FW_FDCQ_DZ" TableAliasName="房地产权_项目内多幢房屋信息" IsMust="true"/>
    <Table  TableName="QLF_FW_FDCQ_DZ_XM" TableAliasName="房地产权(项目内多幢房屋)项目属性" IsMust="true"/>
    <Table  TableName="DJT_DJ_SLSQ" TableAliasName="登记受理申请信息" IsMust="true"/>
    <Table  TableName="DJF_DJ_SQR" TableAliasName="申请人属性信息" IsMust="true"/>
    <Table  TableName="FJ_F_100" TableAliasName="非结构化文档" IsMust="false"/>
    <Table  TableName="DJF_DJ_SJ" TableAliasName="登记收件信息" IsMust="false"/>
    <Table  TableName="DJF_DJ_SF" TableAliasName="登记收费信息" IsMust="false"/>
    <Table  TableName="DJF_DJ_SH" TableAliasName="登记审核信息" IsMust="false"/>
    <Table  TableName="DJF_DJ_SZ" TableAliasName="登记缮证信息" IsMust="false"/>
    <Table  TableName="DJF_DJ_FZ" TableAliasName="登记发证信息" IsMust="false"/>
    <Table  TableName="DJF_DJ_GD" TableAliasName="登记归档信息" IsMust="false"/>
    <Table  TableName="KTT_FW_LJZ" TableAliasName="逻辑幢" IsMust="false"/>
  </BusinessType>
  <BusinessType BusinessCode="2000402" BusinessName="房地产权(独幢、层、套、间、房屋)转移登记">
    <Table  TableName="ZTT_GY_QLR" TableAliasName="权利人" IsMust="true"/>
    <Table  TableName="KTT_FW_ZRZ" TableAliasName="自然幢" IsMust="false"/>
    <Table  TableName="KTT_FW_C" TableAliasName="层" IsMust="false"/>
    <Table  TableName="KTT_FW_H" TableAliasName="户" IsMust="true"/>
    <Table  TableName="QLT_FW_FDCQ_YZ" TableAliasName="房地产权_独幢、层、套、间房屋信息" IsMust="true"/>
    <Table  TableName="DJT_DJ_SLSQ" TableAliasName="登记受理申请信息" IsMust="true"/>
    <Table  TableName="DJF_DJ_SQR" TableAliasName="申请人属性信息" IsMust="true"/>
    <Table  TableName="FJ_F_100" TableAliasName="非结构化文档" IsMust="false"/>
    <Table  TableName="DJF_DJ_SJ" TableAliasName="登记收件信息" IsMust="false"/>
    <Table  TableName="DJF_DJ_SF" TableAliasName="登记收费信息" IsMust="false"/>
    <Table  TableName="DJF_DJ_SH" TableAliasName="登记审核信息" IsMust="false"/>
    <Table  TableName="DJF_DJ_SZ" TableAliasName="登记缮证信息" IsMust="false"/>
    <Table  TableName="DJF_DJ_FZ" TableAliasName="登记发证信息" IsMust="false"/>
    <Table  TableName="DJF_DJ_GD" TableAliasName="登记归档信息" IsMust="false"/>
    <Table  TableName="KTT_FW_LJZ" TableAliasName="逻辑幢" IsMust="false"/>
  </BusinessType>
  <BusinessType BusinessCode="2000403" BusinessName="建筑物区分所有权业主共有 部分转移登记">
    <Table  TableName="ZTT_GY_QLR" TableAliasName="权利人" IsMust="true"/>
    <Table  TableName="KTT_GZW" TableAliasName="构筑物" IsMust="true"/>
    <Table  TableName="QLF_FW_FDCQ_QFSYQ" TableAliasName="建筑物区分所有权业主共有部分信息" IsMust="true"/>
    <Table  TableName="DJT_DJ_SLSQ" TableAliasName="登记受理申请信息" IsMust="true"/>
    <Table  TableName="DJF_DJ_SQR" TableAliasName="申请人属性信息" IsMust="true"/>
    <Table  TableName="FJ_F_100" TableAliasName="非结构化文档" IsMust="false"/>
    <Table  TableName="DJF_DJ_SJ" TableAliasName="登记收件信息" IsMust="false"/>
    <Table  TableName="DJF_DJ_SF" TableAliasName="登记收费信息" IsMust="false"/>
    <Table  TableName="DJF_DJ_SH" TableAliasName="登记审核信息" IsMust="false"/>
    <Table  TableName="DJF_DJ_SZ" TableAliasName="登记缮证信息" IsMust="false"/>
    <Table  TableName="DJF_DJ_FZ" TableAliasName="登记发证信息" IsMust="false"/>
    <Table  TableName="DJF_DJ_GD" TableAliasName="登记归档信息" IsMust="false"/>

  </BusinessType>
  <BusinessType BusinessCode="2000901" BusinessName="农用地使用权(非林地)转移登记">
    <Table  TableName="ZTT_GY_QLR" TableAliasName="权利人" IsMust="true"/>
    <Table  TableName="KTT_ZDJBXX" TableAliasName="宗地基本信息" IsMust="true"/>
    <Table  TableName="QLF_QL_NYDSYQ" TableAliasName="农用地使用权(非林地)" IsMust="true"/>
    <Table  TableName="DJT_DJ_SLSQ" TableAliasName="登记受理申请信息" IsMust="true"/>
    <Table  TableName="DJF_DJ_SQR" TableAliasName="申请人属性信息" IsMust="true"/>
    <Table  TableName="KTF_ZDBHQK" TableAliasName="宗地变化情况" IsMust="false"/>
    <Table  TableName="FJ_F_100" TableAliasName="非结构化文档" IsMust="false"/>
    <Table  TableName="DJF_DJ_SJ" TableAliasName="登记收件信息" IsMust="false"/>
    <Table  TableName="DJF_DJ_SF" TableAliasName="登记收费信息" IsMust="false"/>
    <Table  TableName="DJF_DJ_SH" TableAliasName="登记审核信息" IsMust="false"/>
    <Table  TableName="DJF_DJ_SZ" TableAliasName="登记缮证信息" IsMust="false"/>
    <Table  TableName="DJF_DJ_FZ" TableAliasName="登记发证信息" IsMust="false"/>
    <Table  TableName="DJF_DJ_GD" TableAliasName="登记归档信息" IsMust="false"/>

  </BusinessType>
  <BusinessType BusinessCode="2001201" BusinessName="林权转移登记">
    <Table  TableName="ZTT_GY_QLR" TableAliasName="权利人" IsMust="true"/>
    <Table  TableName="KTT_ZDJBXX" TableAliasName="宗地基本信息" IsMust="true"/>
    <Table  TableName="QLT_QL_LQ" TableAliasName="林权" IsMust="true"/>
    <Table  TableName="DJT_DJ_SLSQ" TableAliasName="登记受理申请信息" IsMust="true"/>
    <Table  TableName="DJF_DJ_SQR" TableAliasName="申请人属性信息" IsMust="true"/>
    <Table  TableName="KTF_ZDBHQK" TableAliasName="宗地变化情况" IsMust="false"/>
    <Table  TableName="FJ_F_100" TableAliasName="非结构化文档" IsMust="false"/>
    <Table  TableName="DJF_DJ_SJ" TableAliasName="登记收件信息" IsMust="false"/>
    <Table  TableName="DJF_DJ_SF" TableAliasName="登记收费信息" IsMust="false"/>
    <Table  TableName="DJF_DJ_SH" TableAliasName="登记审核信息" IsMust="false"/>
    <Table  TableName="DJF_DJ_SZ" TableAliasName="登记缮证信息" IsMust="false"/>
    <Table  TableName="DJF_DJ_FZ" TableAliasName="登记发证信息" IsMust="false"/>
    <Table  TableName="DJF_DJ_GD" TableAliasName="登记归档信息" IsMust="false"/>

  </BusinessType>
  <BusinessType BusinessCode="2001501" BusinessName="海域(含无居民海岛)使用权转移登记">
    <Table  TableName="ZTT_GY_QLR" TableAliasName="权利人" IsMust="true"/>
    <Table  TableName="KTT_ZHJBXX" TableAliasName="宗海基本信息" IsMust="true"/>
    <Table  TableName="KTF_ZH_YHZK" TableAliasName="用海状况" IsMust="true"/>
    <Table  TableName="KTF_ZH_YHYDZB" TableAliasName="用海、用岛坐标" IsMust="true"/>
    <Table  TableName="QLF_QL_HYSYQ" TableAliasName="海域(含无居民海岛)使用权" IsMust="true"/>
    <Table  TableName="DJT_DJ_SLSQ" TableAliasName="登记受理申请信息" IsMust="true"/>
    <Table  TableName="DJF_DJ_SQR" TableAliasName="申请人属性信息" IsMust="true"/>
    <Table  TableName="KTF_ZHBHQK" TableAliasName="宗海变化情况" IsMust="false"/>
    <Table  TableName="FJ_F_100" TableAliasName="非结构化文档" IsMust="false"/>
    <Table  TableName="DJF_DJ_SJ" TableAliasName="登记收件信息" IsMust="false"/>
    <Table  TableName="DJF_DJ_SF" TableAliasName="登记收费信息" IsMust="false"/>
    <Table  TableName="DJF_DJ_SH" TableAliasName="登记审核信息" IsMust="false"/>
    <Table  TableName="DJF_DJ_SZ" TableAliasName="登记缮证信息" IsMust="false"/>
    <Table  TableName="DJF_DJ_FZ" TableAliasName="登记发证信息" IsMust="false"/>
    <Table  TableName="DJF_DJ_GD" TableAliasName="登记归档信息" IsMust="false"/>

  </BusinessType>
  <BusinessType BusinessCode="2001601" BusinessName="构(建)筑物所有权转移登记">
    <Table  TableName="ZTT_GY_QLR" TableAliasName="权利人" IsMust="true"/>
    <Table  TableName="KTT_GZW" TableAliasName="构筑物" IsMust="true"/>
    <Table  TableName="QLT_QL_GJZWSYQ" TableAliasName="构(建)筑物所有权" IsMust="true"/>
    <Table  TableName="DJT_DJ_SLSQ" TableAliasName="登记受理申请信息" IsMust="true"/>
    <Table  TableName="DJF_DJ_SQR" TableAliasName="申请人属性信息" IsMust="true"/>
    <Table  TableName="FJ_F_100" TableAliasName="非结构化文档" IsMust="false"/>
    <Table  TableName="DJF_DJ_SJ" TableAliasName="登记收件信息" IsMust="false"/>
    <Table  TableName="DJF_DJ_SF" TableAliasName="登记收费信息" IsMust="false"/>
    <Table  TableName="DJF_DJ_SH" TableAliasName="登记审核信息" IsMust="false"/>
    <Table  TableName="DJF_DJ_SZ" TableAliasName="登记缮证信息" IsMust="false"/>
    <Table  TableName="DJF_DJ_FZ" TableAliasName="登记发证信息" IsMust="false"/>
    <Table  TableName="DJF_DJ_GD" TableAliasName="登记归档信息" IsMust="false"/>

  </BusinessType>
  <BusinessType BusinessCode="3000101" BusinessName="土地所有权变更登记">
    <Table  TableName="ZTT_GY_QLR" TableAliasName="权利人" IsMust="true"/>
    <Table  TableName="KTT_ZDJBXX" TableAliasName="宗地基本信息" IsMust="true"/>
    <Table  TableName="ZD_K_103" TableAliasName="宗地空间属性" IsMust="true"/>
    <Table  TableName="QLF_QL_TDSYQ" TableAliasName="土地所有权" IsMust="true"/>
    <Table  TableName="DJT_DJ_SLSQ" TableAliasName="登记受理申请信息" IsMust="true"/>
    <Table  TableName="DJF_DJ_SQR" TableAliasName="申请人属性信息" IsMust="true"/>
    <Table  TableName="KTF_ZDBHQK" TableAliasName="宗地变化情况" IsMust="false"/>
    <Table  TableName="KTT_GY_JZX" TableAliasName="界址线" IsMust="false"/>
    <Table  TableName="KTT_GY_JZD" TableAliasName="界址点" IsMust="false"/>
    <Table  TableName="FJ_F_100" TableAliasName="非结构化文档" IsMust="false"/>
    <Table  TableName="DJF_DJ_SJ" TableAliasName="登记收件信息" IsMust="false"/>
    <Table  TableName="DJF_DJ_SF" TableAliasName="登记收费信息" IsMust="false"/>
    <Table  TableName="DJF_DJ_SH" TableAliasName="登记审核信息" IsMust="false"/>
    <Table  TableName="DJF_DJ_SZ" TableAliasName="登记缮证信息" IsMust="false"/>
    <Table  TableName="DJF_DJ_FZ" TableAliasName="登记发证信息" IsMust="false"/>
    <Table  TableName="DJF_DJ_GD" TableAliasName="登记归档信息" IsMust="false"/>

  </BusinessType>
  <BusinessType BusinessCode="3000301" BusinessName="建设用地使用权、宅基地使用权变更登记">
    <Table  TableName="ZTT_GY_QLR" TableAliasName="权利人" IsMust="true"/>
    <Table  TableName="KTT_ZDJBXX" TableAliasName="宗地基本信息" IsMust="true"/>
    <Table  TableName="ZD_K_103" TableAliasName="宗地空间属性" IsMust="true"/>
    <Table  TableName="QLF_QL_JSYDSYQ" TableAliasName="建设用地、宅基地使用权" IsMust="true"/>
    <Table  TableName="DJT_DJ_SLSQ" TableAliasName="登记受理申请信息" IsMust="true"/>
    <Table  TableName="DJF_DJ_SQR" TableAliasName="申请人属性信息" IsMust="true"/>
    <Table  TableName="KTF_ZDBHQK" TableAliasName="宗地变化情况" IsMust="false"/>
    <Table  TableName="KTT_GY_JZX" TableAliasName="界址线" IsMust="false"/>
    <Table  TableName="KTT_GY_JZD" TableAliasName="界址点" IsMust="false"/>
    <Table  TableName="FJ_F_100" TableAliasName="非结构化文档" IsMust="false"/>
    <Table  TableName="DJF_DJ_SJ" TableAliasName="登记收件信息" IsMust="false"/>
    <Table  TableName="DJF_DJ_SF" TableAliasName="登记收费信息" IsMust="false"/>
    <Table  TableName="DJF_DJ_SH" TableAliasName="登记审核信息" IsMust="false"/>
    <Table  TableName="DJF_DJ_SZ" TableAliasName="登记缮证信息" IsMust="false"/>
    <Table  TableName="DJF_DJ_FZ" TableAliasName="登记发证信息" IsMust="false"/>
    <Table  TableName="DJF_DJ_GD" TableAliasName="登记归档信息" IsMust="false"/>
  </BusinessType>
  <BusinessType BusinessCode="3000401" BusinessName="房地产权(项目内多幢房屋)变更登记">
    <Table  TableName="ZTT_GY_QLR" TableAliasName="权利人" IsMust="true"/>
    <Table  TableName="KTT_FW_ZRZ" TableAliasName="自然幢" IsMust="false"/>

    <Table  TableName="KTT_FW_C" TableAliasName="层" IsMust="false"/>
    <Table  TableName="KTT_FW_H" TableAliasName="户" IsMust="false"/>
    <Table  TableName="ZD_K_103" TableAliasName="宗地空间属性" IsMust="true"/>
    <Table  TableName="QLT_FW_FDCQ_DZ" TableAliasName="房地产权_项目内多幢房屋信息" IsMust="true"/>
    <Table  TableName="QLF_FW_FDCQ_DZ_XM" TableAliasName="房地产权(项目内多幢房屋)项目属性" IsMust="true"/>
    <Table  TableName="DJT_DJ_SLSQ" TableAliasName="登记受理申请信息" IsMust="true"/>
    <Table  TableName="DJF_DJ_SQR" TableAliasName="申请人属性信息" IsMust="true"/>
    <Table  TableName="FJ_F_100" TableAliasName="非结构化文档" IsMust="false"/>
    <Table  TableName="DJF_DJ_SJ" TableAliasName="登记收件信息" IsMust="false"/>
    <Table  TableName="DJF_DJ_SF" TableAliasName="登记收费信息" IsMust="false"/>
    <Table  TableName="DJF_DJ_SH" TableAliasName="登记审核信息" IsMust="false"/>
    <Table  TableName="DJF_DJ_SZ" TableAliasName="登记缮证信息" IsMust="false"/>
    <Table  TableName="DJF_DJ_FZ" TableAliasName="登记发证信息" IsMust="false"/>
    <Table  TableName="DJF_DJ_GD" TableAliasName="登记归档信息" IsMust="false"/>
    <Table  TableName="KTT_FW_LJZ" TableAliasName="逻辑幢" IsMust="false"/>
  </BusinessType>
  <BusinessType BusinessCode="3000402" BusinessName="房地产权(独幢、层、套、间、房屋)变更登记">
    <Table  TableName="ZTT_GY_QLR" TableAliasName="权利人" IsMust="true"/>
    <Table  TableName="KTT_FW_ZRZ" TableAliasName="自然幢" IsMust="false"/>

    <Table  TableName="KTT_FW_C" TableAliasName="层" IsMust="false"/>
    <Table  TableName="KTT_FW_H" TableAliasName="户" IsMust="true"/>
    <Table  TableName="QLT_FW_FDCQ_YZ" TableAliasName="房地产权_独幢、层、套、间房屋信息" IsMust="true"/>
    <Table  TableName="DJT_DJ_SLSQ" TableAliasName="登记受理申请信息" IsMust="true"/>
    <Table  TableName="DJF_DJ_SQR" TableAliasName="申请人属性信息" IsMust="true"/>
    <Table  TableName="FJ_F_100" TableAliasName="非结构化文档" IsMust="false"/>
    <Table  TableName="DJF_DJ_SJ" TableAliasName="登记收件信息" IsMust="false"/>
    <Table  TableName="DJF_DJ_SF" TableAliasName="登记收费信息" IsMust="false"/>
    <Table  TableName="DJF_DJ_SH" TableAliasName="登记审核信息" IsMust="false"/>
    <Table  TableName="DJF_DJ_SZ" TableAliasName="登记缮证信息" IsMust="false"/>
    <Table  TableName="DJF_DJ_FZ" TableAliasName="登记发证信息" IsMust="false"/>
    <Table  TableName="DJF_DJ_GD" TableAliasName="登记归档信息" IsMust="false"/>
    <Table  TableName="ZD_K_103" TableAliasName="宗地空间属性" IsMust="false"/>
    <Table  TableName="KTT_FW_LJZ" TableAliasName="逻辑幢" IsMust="false"/>
  </BusinessType>
  <BusinessType BusinessCode="3000403" BusinessName="建筑物区分所有权业主共有部分变更登记">
    <Table  TableName="ZTT_GY_QLR" TableAliasName="权利人" IsMust="true"/>
    <Table  TableName="KTT_GZW" TableAliasName="构筑物" IsMust="true"/>
    <Table  TableName="ZD_K_103" TableAliasName="宗地空间属性" IsMust="true"/>
    <Table  TableName="QLF_FW_FDCQ_QFSYQ" TableAliasName="建筑物区分所有权业主共有部分信息" IsMust="true"/>
    <Table  TableName="DJT_DJ_SLSQ" TableAliasName="登记受理申请信息" IsMust="true"/>
    <Table  TableName="DJF_DJ_SQR" TableAliasName="申请人属性信息" IsMust="true"/>
    <Table  TableName="FJ_F_100" TableAliasName="非结构化文档" IsMust="false"/>
    <Table  TableName="DJF_DJ_SJ" TableAliasName="登记收件信息" IsMust="false"/>
    <Table  TableName="DJF_DJ_SF" TableAliasName="登记收费信息" IsMust="false"/>
    <Table  TableName="DJF_DJ_SH" TableAliasName="登记审核信息" IsMust="false"/>
    <Table  TableName="DJF_DJ_SZ" TableAliasName="登记缮证信息" IsMust="false"/>
    <Table  TableName="DJF_DJ_FZ" TableAliasName="登记发证信息" IsMust="false"/>
    <Table  TableName="DJF_DJ_GD" TableAliasName="登记归档信息" IsMust="false"/>

  </BusinessType>
  <BusinessType BusinessCode="3000901" BusinessName="农用地使用权(非林地)变更登记">
    <Table  TableName="ZTT_GY_QLR" TableAliasName="权利人" IsMust="true"/>
    <Table  TableName="KTT_ZDJBXX" TableAliasName="宗地基本信息" IsMust="true"/>
    <Table  TableName="ZD_K_103" TableAliasName="宗地空间属性" IsMust="true"/>
    <Table  TableName="QLF_QL_NYDSYQ" TableAliasName="农用地使用权(非林地)" IsMust="true"/>
    <Table  TableName="DJT_DJ_SLSQ" TableAliasName="登记受理申请信息" IsMust="true"/>
    <Table  TableName="DJF_DJ_SQR" TableAliasName="申请人属性信息" IsMust="true"/>
    <Table  TableName="KTF_ZDBHQK" TableAliasName="宗地变化情况" IsMust="false"/>
    <Table  TableName="FJ_F_100" TableAliasName="非结构化文档" IsMust="false"/>
    <Table  TableName="DJF_DJ_SJ" TableAliasName="登记收件信息" IsMust="false"/>
    <Table  TableName="DJF_DJ_SF" TableAliasName="登记收费信息" IsMust="false"/>
    <Table  TableName="DJF_DJ_SH" TableAliasName="登记审核信息" IsMust="false"/>
    <Table  TableName="DJF_DJ_SZ" TableAliasName="登记缮证信息" IsMust="false"/>
    <Table  TableName="DJF_DJ_FZ" TableAliasName="登记发证信息" IsMust="false"/>
    <Table  TableName="DJF_DJ_GD" TableAliasName="登记归档信息" IsMust="false"/>

  </BusinessType>
  <BusinessType BusinessCode="3001201" BusinessName="林权变更登记">
    <Table  TableName="ZTT_GY_QLR" TableAliasName="权利人" IsMust="true"/>
    <Table  TableName="KTT_ZDJBXX" TableAliasName="宗地基本信息" IsMust="true"/>
    <Table  TableName="ZD_K_103" TableAliasName="宗地空间属性" IsMust="true"/>
    <Table  TableName="QLT_QL_LQ" TableAliasName="林权" IsMust="true"/>
    <Table  TableName="DJT_DJ_SLSQ" TableAliasName="登记受理申请信息" IsMust="true"/>
    <Table  TableName="DJF_DJ_SQR" TableAliasName="申请人属性信息" IsMust="true"/>
    <Table  TableName="KTF_ZDBHQK" TableAliasName="宗地变化情况" IsMust="false"/>
    <Table  TableName="FJ_F_100" TableAliasName="非结构化文档" IsMust="false"/>
    <Table  TableName="DJF_DJ_SJ" TableAliasName="登记收件信息" IsMust="false"/>
    <Table  TableName="DJF_DJ_SF" TableAliasName="登记收费信息" IsMust="false"/>
    <Table  TableName="DJF_DJ_SH" TableAliasName="登记审核信息" IsMust="false"/>
    <Table  TableName="DJF_DJ_SZ" TableAliasName="登记缮证信息" IsMust="false"/>
    <Table  TableName="DJF_DJ_FZ" TableAliasName="登记发证信息" IsMust="false"/>
    <Table  TableName="DJF_DJ_GD" TableAliasName="登记归档信息" IsMust="false"/>

  </BusinessType>
  <BusinessType BusinessCode="3001501" BusinessName="海域(含无居民海岛)使用权变更登记">
    <Table  TableName="ZTT_GY_QLR" TableAliasName="权利人" IsMust="true"/>
    <Table  TableName="KTT_ZHJBXX" TableAliasName="宗海基本信息" IsMust="true"/>
    <Table  TableName="KTF_ZH_YHZK" TableAliasName="用海状况" IsMust="true"/>
    <Table  TableName="KTF_ZH_YHYDZB" TableAliasName="用海、用岛坐标" IsMust="true"/>
    <Table  TableName="ZH_K_105" TableAliasName="宗海空间属性" IsMust="true"/>
    <Table  TableName="QLF_QL_HYSYQ" TableAliasName="海域(含无居民海岛)使用权" IsMust="true"/>
    <Table  TableName="DJT_DJ_SLSQ" TableAliasName="登记受理申请信息" IsMust="true"/>
    <Table  TableName="DJF_DJ_SQR" TableAliasName="申请人属性信息" IsMust="true"/>
    <Table  TableName="KTF_ZHBHQK" TableAliasName="宗海变化情况" IsMust="false"/>
    <Table  TableName="FJ_F_100" TableAliasName="非结构化文档" IsMust="false"/>
    <Table  TableName="DJF_DJ_SJ" TableAliasName="登记收件信息" IsMust="false"/>
    <Table  TableName="DJF_DJ_SF" TableAliasName="登记收费信息" IsMust="false"/>
    <Table  TableName="DJF_DJ_SH" TableAliasName="登记审核信息" IsMust="false"/>
    <Table  TableName="DJF_DJ_SZ" TableAliasName="登记缮证信息" IsMust="false"/>
    <Table  TableName="DJF_DJ_FZ" TableAliasName="登记发证信息" IsMust="false"/>
    <Table  TableName="DJF_DJ_GD" TableAliasName="登记归档信息" IsMust="false"/>

  </BusinessType>
  <BusinessType BusinessCode="3001601" BusinessName="构(建)筑物所有权变更登记">
    <Table  TableName="ZTT_GY_QLR" TableAliasName="权利人" IsMust="true"/>
    <Table  TableName="KTT_GZW" TableAliasName="构筑物" IsMust="true"/>
    <Table  TableName="ZD_K_103" TableAliasName="宗地空间属性" IsMust="true"/>
    <Table  TableName="QLT_QL_GJZWSYQ" TableAliasName="构(建)筑物所有权" IsMust="true"/>
    <Table  TableName="DJT_DJ_SLSQ" TableAliasName="登记受理申请信息" IsMust="true"/>
    <Table  TableName="DJF_DJ_SQR" TableAliasName="申请人属性信息" IsMust="true"/>
    <Table  TableName="FJ_F_100" TableAliasName="非结构化文档" IsMust="false"/>
    <Table  TableName="DJF_DJ_SJ" TableAliasName="登记收件信息" IsMust="false"/>
    <Table  TableName="DJF_DJ_SF" TableAliasName="登记收费信息" IsMust="false"/>
    <Table  TableName="DJF_DJ_SH" TableAliasName="登记审核信息" IsMust="false"/>
    <Table  TableName="DJF_DJ_SZ" TableAliasName="登记缮证信息" IsMust="false"/>
    <Table  TableName="DJF_DJ_FZ" TableAliasName="登记发证信息" IsMust="false"/>
    <Table  TableName="DJF_DJ_GD" TableAliasName="登记归档信息" IsMust="false"/>

  </BusinessType>
  <BusinessType BusinessCode="4000101" BusinessName="注销登记">
    <Table  TableName="QLF_QL_ZXDJ" TableAliasName="注销登记" IsMust="true"/>
    <Table  TableName="DJT_DJ_SLSQ" TableAliasName="登记受理申请信息" IsMust="true"/>
    <Table  TableName="DJF_DJ_SQR" TableAliasName="申请人属性信息" IsMust="true"/>
    <Table  TableName="FJ_F_100" TableAliasName="非结构化文档" IsMust="false"/>
    <Table  TableName="DJF_DJ_SJ" TableAliasName="登记收件信息" IsMust="false"/>
    <Table  TableName="DJF_DJ_SF" TableAliasName="登记收费信息" IsMust="false"/>
    <Table  TableName="DJF_DJ_SH" TableAliasName="登记审核信息" IsMust="false"/>
    <Table  TableName="DJF_DJ_SZ" TableAliasName="登记缮证信息" IsMust="false"/>
    <Table  TableName="DJF_DJ_FZ" TableAliasName="登记发证信息" IsMust="false"/>
    <Table  TableName="DJF_DJ_GD" TableAliasName="登记归档信息" IsMust="false"/>
  </BusinessType>
  <BusinessType BusinessCode="5000101" BusinessName="土地所有权更正登记">
    <Table  TableName="ZTT_GY_QLR" TableAliasName="权利人" IsMust="true"/>
    <Table  TableName="KTT_ZDJBXX" TableAliasName="宗地基本信息" IsMust="true"/>
    <Table  TableName="QLF_QL_TDSYQ" TableAliasName="土地所有权" IsMust="true"/>
    <Table  TableName="DJT_DJ_SLSQ" TableAliasName="登记受理申请信息" IsMust="true"/>
    <Table  TableName="DJF_DJ_SQR" TableAliasName="申请人属性信息" IsMust="true"/>
    <Table  TableName="KTF_ZDBHQK" TableAliasName="宗地变化情况" IsMust="false"/>
    <Table  TableName="FJ_F_100" TableAliasName="非结构化文档" IsMust="false"/>
    <Table  TableName="DJF_DJ_SJ" TableAliasName="登记收件信息" IsMust="false"/>
    <Table  TableName="DJF_DJ_SF" TableAliasName="登记收费信息" IsMust="false"/>
    <Table  TableName="DJF_DJ_SH" TableAliasName="登记审核信息" IsMust="false"/>
    <Table  TableName="DJF_DJ_SZ" TableAliasName="登记缮证信息" IsMust="false"/>
    <Table  TableName="DJF_DJ_FZ" TableAliasName="登记发证信息" IsMust="false"/>
    <Table  TableName="DJF_DJ_GD" TableAliasName="登记归档信息" IsMust="false"/>
  </BusinessType>
  <BusinessType BusinessCode="5000301" BusinessName="建设用地使用权、宅基地使用权更正登记">
    <Table  TableName="ZTT_GY_QLR" TableAliasName="权利人" IsMust="true"/>
    <Table  TableName="KTT_ZDJBXX" TableAliasName="宗地基本信息" IsMust="true"/>
    <Table  TableName="QLF_QL_JSYDSYQ" TableAliasName="建设用地、宅基地使用权" IsMust="true"/>
    <Table  TableName="DJT_DJ_SLSQ" TableAliasName="登记受理申请信息" IsMust="true"/>
    <Table  TableName="DJF_DJ_SQR" TableAliasName="申请人属性信息" IsMust="true"/>
    <Table  TableName="KTF_ZDBHQK" TableAliasName="宗地变化情况" IsMust="false"/>
    <Table  TableName="FJ_F_100" TableAliasName="非结构化文档" IsMust="false"/>
    <Table  TableName="DJF_DJ_SJ" TableAliasName="登记收件信息" IsMust="false"/>
    <Table  TableName="DJF_DJ_SF" TableAliasName="登记收费信息" IsMust="false"/>
    <Table  TableName="DJF_DJ_SH" TableAliasName="登记审核信息" IsMust="false"/>
    <Table  TableName="DJF_DJ_SZ" TableAliasName="登记缮证信息" IsMust="false"/>
    <Table  TableName="DJF_DJ_FZ" TableAliasName="登记发证信息" IsMust="false"/>
    <Table  TableName="DJF_DJ_GD" TableAliasName="登记归档信息" IsMust="false"/>

  </BusinessType>
  <BusinessType BusinessCode="5000401" BusinessName="房地产权(项目内多幢房屋)更正登记">
    <Table  TableName="ZTT_GY_QLR" TableAliasName="权利人" IsMust="true"/>
    <Table  TableName="KTT_FW_ZRZ" TableAliasName="自然幢" IsMust="false"/>

    <Table  TableName="KTT_FW_C" TableAliasName="层" IsMust="false"/>
    <Table  TableName="KTT_FW_H" TableAliasName="户" IsMust="false"/>
    <Table  TableName="QLT_FW_FDCQ_DZ" TableAliasName="房地产权_项目内多幢房屋信息" IsMust="true"/>
    <Table  TableName="QLF_FW_FDCQ_DZ_XM" TableAliasName="房地产权(项目内多幢房屋)项目属性" IsMust="true"/>
    <Table  TableName="DJT_DJ_SLSQ" TableAliasName="登记受理申请信息" IsMust="true"/>
    <Table  TableName="DJF_DJ_SQR" TableAliasName="申请人属性信息" IsMust="true"/>
    <Table  TableName="FJ_F_100" TableAliasName="非结构化文档" IsMust="false"/>
    <Table  TableName="DJF_DJ_SJ" TableAliasName="登记收件信息" IsMust="false"/>
    <Table  TableName="DJF_DJ_SF" TableAliasName="登记收费信息" IsMust="false"/>
    <Table  TableName="DJF_DJ_SH" TableAliasName="登记审核信息" IsMust="false"/>
    <Table  TableName="DJF_DJ_SZ" TableAliasName="登记缮证信息" IsMust="false"/>
    <Table  TableName="DJF_DJ_FZ" TableAliasName="登记发证信息" IsMust="false"/>
    <Table  TableName="DJF_DJ_GD" TableAliasName="登记归档信息" IsMust="false"/>
    <Table  TableName="KTT_FW_LJZ" TableAliasName="逻辑幢" IsMust="false"/>
  </BusinessType>
  <BusinessType BusinessCode="5000402" BusinessName="房地产权(独幢、层、套、间、房屋)更正登记">
    <Table  TableName="ZTT_GY_QLR" TableAliasName="权利人" IsMust="true"/>
    <Table  TableName="KTT_FW_ZRZ" TableAliasName="自然幢" IsMust="false"/>

    <Table  TableName="KTT_FW_C" TableAliasName="层" IsMust="false"/>
    <Table  TableName="KTT_FW_H" TableAliasName="户" IsMust="true"/>
    <Table  TableName="QLT_FW_FDCQ_YZ" TableAliasName="房地产权_独幢、层、套、间房屋信息" IsMust="true"/>
    <Table  TableName="DJT_DJ_SLSQ" TableAliasName="登记受理申请信息" IsMust="true"/>
    <Table  TableName="DJF_DJ_SQR" TableAliasName="申请人属性信息" IsMust="true"/>
    <Table  TableName="FJ_F_100" TableAliasName="非结构化文档" IsMust="false"/>
    <Table  TableName="DJF_DJ_SJ" TableAliasName="登记收件信息" IsMust="false"/>
    <Table  TableName="DJF_DJ_SF" TableAliasName="登记收费信息" IsMust="false"/>
    <Table  TableName="DJF_DJ_SH" TableAliasName="登记审核信息" IsMust="false"/>
    <Table  TableName="DJF_DJ_SZ" TableAliasName="登记缮证信息" IsMust="false"/>
    <Table  TableName="DJF_DJ_FZ" TableAliasName="登记发证信息" IsMust="false"/>
    <Table  TableName="DJF_DJ_GD" TableAliasName="登记归档信息" IsMust="false"/>
    <Table  TableName="KTT_FW_LJZ" TableAliasName="逻辑幢" IsMust="false"/>
  </BusinessType>
  <BusinessType BusinessCode="5000403" BusinessName="建筑物区分所有权业主共有部分更正登记">
    <Table  TableName="ZTT_GY_QLR" TableAliasName="权利人" IsMust="true"/>
    <Table  TableName="KTT_GZW" TableAliasName="构筑物" IsMust="true"/>
    <Table  TableName="QLF_FW_FDCQ_QFSYQ" TableAliasName="建筑物区分所有权业主共有部分信息" IsMust="true"/>
    <Table  TableName="DJT_DJ_SLSQ" TableAliasName="登记受理申请信息" IsMust="true"/>
    <Table  TableName="DJF_DJ_SQR" TableAliasName="申请人属性信息" IsMust="true"/>
    <Table  TableName="FJ_F_100" TableAliasName="非结构化文档" IsMust="false"/>
    <Table  TableName="DJF_DJ_SJ" TableAliasName="登记收件信息" IsMust="false"/>
    <Table  TableName="DJF_DJ_SF" TableAliasName="登记收费信息" IsMust="false"/>
    <Table  TableName="DJF_DJ_SH" TableAliasName="登记审核信息" IsMust="false"/>
    <Table  TableName="DJF_DJ_SZ" TableAliasName="登记缮证信息" IsMust="false"/>
    <Table  TableName="DJF_DJ_FZ" TableAliasName="登记发证信息" IsMust="false"/>
    <Table  TableName="DJF_DJ_GD" TableAliasName="登记归档信息" IsMust="false"/>

  </BusinessType>
  <BusinessType BusinessCode="5000901" BusinessName="农用地使用权(非林地)更正登记">
    <Table  TableName="ZTT_GY_QLR" TableAliasName="权利人" IsMust="true"/>
    <Table  TableName="KTT_ZDJBXX" TableAliasName="宗地基本信息" IsMust="true"/>
    <Table  TableName="QLF_QL_NYDSYQ" TableAliasName="农用地使用权(非林地)" IsMust="true"/>
    <Table  TableName="DJT_DJ_SLSQ" TableAliasName="登记受理申请信息" IsMust="true"/>
    <Table  TableName="DJF_DJ_SQR" TableAliasName="申请人属性信息" IsMust="true"/>
    <Table  TableName="KTF_ZDBHQK" TableAliasName="宗地变化情况" IsMust="false"/>
    <Table  TableName="FJ_F_100" TableAliasName="非结构化文档" IsMust="false"/>
    <Table  TableName="DJF_DJ_SJ" TableAliasName="登记收件信息" IsMust="false"/>
    <Table  TableName="DJF_DJ_SF" TableAliasName="登记收费信息" IsMust="false"/>
    <Table  TableName="DJF_DJ_SH" TableAliasName="登记审核信息" IsMust="false"/>
    <Table  TableName="DJF_DJ_SZ" TableAliasName="登记缮证信息" IsMust="false"/>
    <Table  TableName="DJF_DJ_FZ" TableAliasName="登记发证信息" IsMust="false"/>
    <Table  TableName="DJF_DJ_GD" TableAliasName="登记归档信息" IsMust="false"/>

  </BusinessType>
  <BusinessType BusinessCode="5001201" BusinessName="林权更正登记">
    <Table  TableName="ZTT_GY_QLR" TableAliasName="权利人" IsMust="true"/>
    <Table  TableName="KTT_ZDJBXX" TableAliasName="宗地基本信息" IsMust="true"/>
    <Table  TableName="QLT_QL_LQ" TableAliasName="林权" IsMust="true"/>
    <Table  TableName="DJT_DJ_SLSQ" TableAliasName="登记受理申请信息" IsMust="true"/>
    <Table  TableName="DJF_DJ_SQR" TableAliasName="申请人属性信息" IsMust="true"/>
    <Table  TableName="KTF_ZDBHQK" TableAliasName="宗地变化情况" IsMust="false"/>
    <Table  TableName="FJ_F_100" TableAliasName="非结构化文档" IsMust="false"/>
    <Table  TableName="DJF_DJ_SJ" TableAliasName="登记收件信息" IsMust="false"/>
    <Table  TableName="DJF_DJ_SF" TableAliasName="登记收费信息" IsMust="false"/>
    <Table  TableName="DJF_DJ_SH" TableAliasName="登记审核信息" IsMust="false"/>
    <Table  TableName="DJF_DJ_SZ" TableAliasName="登记缮证信息" IsMust="false"/>
    <Table  TableName="DJF_DJ_FZ" TableAliasName="登记发证信息" IsMust="false"/>
    <Table  TableName="DJF_DJ_GD" TableAliasName="登记归档信息" IsMust="false"/>

  </BusinessType>
  <BusinessType BusinessCode="5001501" BusinessName="海域(含无居民海岛)使用权更正登记">
    <Table  TableName="ZTT_GY_QLR" TableAliasName="权利人" IsMust="true"/>
    <Table  TableName="KTT_ZHJBXX" TableAliasName="宗海基本信息" IsMust="true"/>
    <Table  TableName="KTF_ZH_YHZK" TableAliasName="用海状况" IsMust="true"/>
    <Table  TableName="KTF_ZH_YHYDZB" TableAliasName="用海、用岛坐标" IsMust="true"/>
    <Table  TableName="QLF_QL_HYSYQ" TableAliasName="海域(含无居民海岛)使用权" IsMust="true"/>
    <Table  TableName="DJT_DJ_SLSQ" TableAliasName="登记受理申请信息" IsMust="true"/>
    <Table  TableName="DJF_DJ_SQR" TableAliasName="申请人属性信息" IsMust="true"/>
    <Table  TableName="KTF_ZHBHQK" TableAliasName="宗海变化情况" IsMust="false"/>
    <Table  TableName="FJ_F_100" TableAliasName="非结构化文档" IsMust="false"/>
    <Table  TableName="DJF_DJ_SJ" TableAliasName="登记收件信息" IsMust="false"/>
    <Table  TableName="DJF_DJ_SF" TableAliasName="登记收费信息" IsMust="false"/>
    <Table  TableName="DJF_DJ_SH" TableAliasName="登记审核信息" IsMust="false"/>
    <Table  TableName="DJF_DJ_SZ" TableAliasName="登记缮证信息" IsMust="false"/>
    <Table  TableName="DJF_DJ_FZ" TableAliasName="登记发证信息" IsMust="false"/>
    <Table  TableName="DJF_DJ_GD" TableAliasName="登记归档信息" IsMust="false"/>

  </BusinessType>
  <BusinessType BusinessCode="5001601" BusinessName="构(建)筑物所 有权更正登记">
    <Table  TableName="ZTT_GY_QLR" TableAliasName="权利人" IsMust="true"/>
    <Table  TableName="KTT_GZW" TableAliasName="构筑物" IsMust="true"/>
    <Table  TableName="QLT_QL_GJZWSYQ" TableAliasName="构(建)筑物所有权" IsMust="true"/>
    <Table  TableName="DJT_DJ_SLSQ" TableAliasName="登记受理申请信息" IsMust="true"/>
    <Table  TableName="DJF_DJ_SQR" TableAliasName="申请人属性信息" IsMust="true"/>
    <Table  TableName="FJ_F_100" TableAliasName="非结构化文档" IsMust="false"/>
    <Table  TableName="DJF_DJ_SJ" TableAliasName="登记收件信息" IsMust="false"/>
    <Table  TableName="DJF_DJ_SF" TableAliasName="登记收费信息" IsMust="false"/>
    <Table  TableName="DJF_DJ_SH" TableAliasName="登记审核信息" IsMust="false"/>
    <Table  TableName="DJF_DJ_SZ" TableAliasName="登记缮证信息" IsMust="false"/>
    <Table  TableName="DJF_DJ_FZ" TableAliasName="登记发证信息" IsMust="false"/>
    <Table  TableName="DJF_DJ_GD" TableAliasName="登记归档信息" IsMust="false"/>

  </BusinessType>
  <BusinessType BusinessCode="6000101" BusinessName="异议登记">
    <Table  TableName="ZTT_GY_QLR" TableAliasName="权利人" IsMust="true"/>
    <Table  TableName="QLF_QL_YYDJ" TableAliasName="异议登记" IsMust="true"/>
    <Table  TableName="DJT_DJ_SLSQ" TableAliasName="登记受理申请信息" IsMust="true"/>
    <Table  TableName="DJF_DJ_SQR" TableAliasName="申请人属性信息" IsMust="true"/>
    <Table  TableName="FJ_F_100" TableAliasName="非结构化文档" IsMust="false"/>
    <Table  TableName="DJF_DJ_SJ" TableAliasName="登记收件信息" IsMust="false"/>
    <Table  TableName="DJF_DJ_SF" TableAliasName="登记收费信息" IsMust="false"/>
    <Table  TableName="DJF_DJ_SH" TableAliasName="登记审核信息" IsMust="false"/>
    <Table  TableName="DJF_DJ_SZ" TableAliasName="登记缮证信息" IsMust="false"/>
    <Table  TableName="DJF_DJ_FZ" TableAliasName="登记发证信息" IsMust="false"/>
    <Table  TableName="DJF_DJ_GD" TableAliasName="登记归档信息" IsMust="false"/>
  </BusinessType>
  <BusinessType BusinessCode="7000101" BusinessName="预告登记">
    <Table  TableName="ZTT_GY_QLR" TableAliasName="权利人" IsMust="true"/>
    <Table  TableName="QLF_QL_YGDJ" TableAliasName="预告登记" IsMust="true"/>
    <Table  TableName="DJT_DJ_SLSQ" TableAliasName="登记受理申请信息" IsMust="true"/>
    <Table  TableName="DJF_DJ_SQR" TableAliasName="申请人属性信息" IsMust="true"/>
    <Table  TableName="QLF_QL_DYAQ" TableAliasName="抵押权(在抵押预告时填写)" IsMust="false"/>
    <Table  TableName="FJ_F_100" TableAliasName="非结构化文档" IsMust="false"/>
    <Table  TableName="DJF_DJ_SJ" TableAliasName="登记收件信息" IsMust="false"/>
    <Table  TableName="DJF_DJ_SF" TableAliasName="登记收费信息" IsMust="false"/>
    <Table  TableName="DJF_DJ_SH" TableAliasName="登记审核信息" IsMust="false"/>
    <Table  TableName="DJF_DJ_SZ" TableAliasName="登记缮证信息" IsMust="false"/>
    <Table  TableName="DJF_DJ_FZ" TableAliasName="登记发证信息" IsMust="false"/>
    <Table  TableName="DJF_DJ_GD" TableAliasName="登记归档信息" IsMust="false"/>

  </BusinessType>
  <BusinessType BusinessCode="8000101" BusinessName="查封登记">
    <Table  TableName="QLF_QL_CFDJ" TableAliasName="查封登记" IsMust="true"/>
    <Table  TableName="DJT_DJ_SLSQ" TableAliasName="登记受理申请信息" IsMust="true"/>
    <Table  TableName="DJF_DJ_SQR" TableAliasName="申请人属性信息" IsMust="true"/>
    <Table  TableName="FJ_F_100" TableAliasName="非结构化文档" IsMust="false"/>
    <Table  TableName="DJF_DJ_SJ" TableAliasName="登记收件信息" IsMust="false"/>
    <Table  TableName="DJF_DJ_SF" TableAliasName="登记收费信息" IsMust="false"/>
    <Table  TableName="DJF_DJ_SH" TableAliasName="登记审核信息" IsMust="false"/>
    <Table  TableName="DJF_DJ_SZ" TableAliasName="登记缮证信息" IsMust="false"/>
    <Table  TableName="DJF_DJ_FZ" TableAliasName="登记发证信息" IsMust="false"/>
    <Table  TableName="DJF_DJ_GD" TableAliasName="登记归档信息" IsMust="false"/>
  </BusinessType>
  <BusinessType BusinessCode="9000101" BusinessName="抵押权登记">
    <Table  TableName="ZTT_GY_QLR" TableAliasName="权利人" IsMust="true"/>
    <Table  TableName="QLF_QL_DYAQ" TableAliasName="抵押权" IsMust="true"/>
    <Table  TableName="DJT_DJ_SLSQ" TableAliasName="登记受理申请信息" IsMust="true"/>
    <Table  TableName="DJF_DJ_SQR" TableAliasName="申请人属性信息" IsMust="true"/>
    <Table  TableName="FJ_F_100" TableAliasName="非结构化文档" IsMust="false"/>
    <Table  TableName="DJF_DJ_SJ" TableAliasName="登记收件信息" IsMust="false"/>
    <Table  TableName="DJF_DJ_SF" TableAliasName="登记收费信息" IsMust="false"/>
    <Table  TableName="DJF_DJ_SH" TableAliasName="登记审核信息" IsMust="false"/>
    <Table  TableName="DJF_DJ_SZ" TableAliasName="登记缮证信息" IsMust="false"/>
    <Table  TableName="DJF_DJ_FZ" TableAliasName="登记发证信息" IsMust="false"/>
    <Table  TableName="DJF_DJ_GD" TableAliasName="登记归档信息" IsMust="false"/>

  </BusinessType>
  <BusinessType BusinessCode="9000102" BusinessName="地役权登记">
    <Table  TableName="ZTT_GY_QLR" TableAliasName="权利人" IsMust="true"/>
    <Table  TableName="QLF_QL_DYIQ" TableAliasName="地役权" IsMust="true"/>
    <Table  TableName="DJT_DJ_SLSQ" TableAliasName="登记受理申请信息" IsMust="true"/>
    <Table  TableName="DJF_DJ_SQR" TableAliasName="申请人属性信息" IsMust="true"/>
    <Table  TableName="FJ_F_100" TableAliasName="非结构化文档" IsMust="false"/>
    <Table  TableName="DJF_DJ_SJ" TableAliasName="登记收件信息" IsMust="false"/>
    <Table  TableName="DJF_DJ_SF" TableAliasName="登记收费信息" IsMust="false"/>
    <Table  TableName="DJF_DJ_SH" TableAliasName="登记审核信息" IsMust="false"/>
    <Table  TableName="DJF_DJ_SZ" TableAliasName="登记缮证信息" IsMust="false"/>
    <Table  TableName="DJF_DJ_FZ" TableAliasName="登记发证信息" IsMust="false"/>
    <Table  TableName="DJF_DJ_GD" TableAliasName="登记归档信息" IsMust="false"/>
  </BusinessType>
</CheckBusinessTables>